
<RENDERBATCH>

  <RENDERIMG RASNAME="C:\Users\Mahdi\Desktop\spi_bootloader\hw\microblaze\SDK\SDK_Export\hw\imgs\proc_sys_reset_0.jpg" SVGNAME="C:\Users\Mahdi\Desktop\spi_bootloader\hw\microblaze\SDK\SDK_Export\hw\imgs\proc_sys_reset_0.svg" TMPSVGFN="C:\Users\Mahdi\Desktop\spi_bootloader\hw\microblaze\__xps\.dswkshop\proc_sys_reset_0.svg"/>

  <RENDERIMG RASNAME="C:\Users\Mahdi\Desktop\spi_bootloader\hw\microblaze\SDK\SDK_Export\hw\imgs\microblaze_0_ilmb.jpg" SVGNAME="C:\Users\Mahdi\Desktop\spi_bootloader\hw\microblaze\SDK\SDK_Export\hw\imgs\microblaze_0_ilmb.svg" TMPSVGFN="C:\Users\Mahdi\Desktop\spi_bootloader\hw\microblaze\__xps\.dswkshop\microblaze_0_ilmb.svg"/>

  <RENDERIMG RASNAME="C:\Users\Mahdi\Desktop\spi_bootloader\hw\microblaze\SDK\SDK_Export\hw\imgs\microblaze_0_i_bram_ctrl.jpg" SVGNAME="C:\Users\Mahdi\Desktop\spi_bootloader\hw\microblaze\SDK\SDK_Export\hw\imgs\microblaze_0_i_bram_ctrl.svg" TMPSVGFN="C:\Users\Mahdi\Desktop\spi_bootloader\hw\microblaze\__xps\.dswkshop\microblaze_0_i_bram_ctrl.svg"/>

  <RENDERIMG RASNAME="C:\Users\Mahdi\Desktop\spi_bootloader\hw\microblaze\SDK\SDK_Export\hw\imgs\microblaze_0_dlmb.jpg" SVGNAME="C:\Users\Mahdi\Desktop\spi_bootloader\hw\microblaze\SDK\SDK_Export\hw\imgs\microblaze_0_dlmb.svg" TMPSVGFN="C:\Users\Mahdi\Desktop\spi_bootloader\hw\microblaze\__xps\.dswkshop\microblaze_0_dlmb.svg"/>

  <RENDERIMG RASNAME="C:\Users\Mahdi\Desktop\spi_bootloader\hw\microblaze\SDK\SDK_Export\hw\imgs\microblaze_0_d_bram_ctrl.jpg" SVGNAME="C:\Users\Mahdi\Desktop\spi_bootloader\hw\microblaze\SDK\SDK_Export\hw\imgs\microblaze_0_d_bram_ctrl.svg" TMPSVGFN="C:\Users\Mahdi\Desktop\spi_bootloader\hw\microblaze\__xps\.dswkshop\microblaze_0_d_bram_ctrl.svg"/>

  <RENDERIMG RASNAME="C:\Users\Mahdi\Desktop\spi_bootloader\hw\microblaze\SDK\SDK_Export\hw\imgs\microblaze_0_bram_block.jpg" SVGNAME="C:\Users\Mahdi\Desktop\spi_bootloader\hw\microblaze\SDK\SDK_Export\hw\imgs\microblaze_0_bram_block.svg" TMPSVGFN="C:\Users\Mahdi\Desktop\spi_bootloader\hw\microblaze\__xps\.dswkshop\microblaze_0_bram_block.svg"/>

  <RENDERIMG RASNAME="C:\Users\Mahdi\Desktop\spi_bootloader\hw\microblaze\SDK\SDK_Export\hw\imgs\microblaze_0.jpg" SVGNAME="C:\Users\Mahdi\Desktop\spi_bootloader\hw\microblaze\SDK\SDK_Export\hw\imgs\microblaze_0.svg" TMPSVGFN="C:\Users\Mahdi\Desktop\spi_bootloader\hw\microblaze\__xps\.dswkshop\microblaze_0.svg"/>

  <RENDERIMG RASNAME="C:\Users\Mahdi\Desktop\spi_bootloader\hw\microblaze\SDK\SDK_Export\hw\imgs\debug_module.jpg" SVGNAME="C:\Users\Mahdi\Desktop\spi_bootloader\hw\microblaze\SDK\SDK_Export\hw\imgs\debug_module.svg" TMPSVGFN="C:\Users\Mahdi\Desktop\spi_bootloader\hw\microblaze\__xps\.dswkshop\debug_module.svg"/>

  <RENDERIMG RASNAME="C:\Users\Mahdi\Desktop\spi_bootloader\hw\microblaze\SDK\SDK_Export\hw\imgs\clock_generator_0.jpg" SVGNAME="C:\Users\Mahdi\Desktop\spi_bootloader\hw\microblaze\SDK\SDK_Export\hw\imgs\clock_generator_0.svg" TMPSVGFN="C:\Users\Mahdi\Desktop\spi_bootloader\hw\microblaze\__xps\.dswkshop\clock_generator_0.svg"/>

  <RENDERIMG RASNAME="C:\Users\Mahdi\Desktop\spi_bootloader\hw\microblaze\SDK\SDK_Export\hw\imgs\axi4lite_0.jpg" SVGNAME="C:\Users\Mahdi\Desktop\spi_bootloader\hw\microblaze\SDK\SDK_Export\hw\imgs\axi4lite_0.svg" TMPSVGFN="C:\Users\Mahdi\Desktop\spi_bootloader\hw\microblaze\__xps\.dswkshop\axi4lite_0.svg"/>

  <RENDERIMG RASNAME="C:\Users\Mahdi\Desktop\spi_bootloader\hw\microblaze\SDK\SDK_Export\hw\imgs\RS232_Uart_1.jpg" SVGNAME="C:\Users\Mahdi\Desktop\spi_bootloader\hw\microblaze\SDK\SDK_Export\hw\imgs\RS232_Uart_1.svg" TMPSVGFN="C:\Users\Mahdi\Desktop\spi_bootloader\hw\microblaze\__xps\.dswkshop\RS232_Uart_1.svg"/>

  <RENDERIMG RASNAME="C:\Users\Mahdi\Desktop\spi_bootloader\hw\microblaze\SDK\SDK_Export\hw\imgs\Generic_External_Memory.jpg" SVGNAME="C:\Users\Mahdi\Desktop\spi_bootloader\hw\microblaze\SDK\SDK_Export\hw\imgs\Generic_External_Memory.svg" TMPSVGFN="C:\Users\Mahdi\Desktop\spi_bootloader\hw\microblaze\__xps\.dswkshop\Generic_External_Memory.svg"/>

  <RENDERIMG RASNAME="C:\Users\Mahdi\Desktop\spi_bootloader\hw\microblaze\SDK\SDK_Export\hw\imgs\axi_spi_0.jpg" SVGNAME="C:\Users\Mahdi\Desktop\spi_bootloader\hw\microblaze\SDK\SDK_Export\hw\imgs\axi_spi_0.svg" TMPSVGFN="C:\Users\Mahdi\Desktop\spi_bootloader\hw\microblaze\__xps\.dswkshop\axi_spi_0.svg"/>

  <RENDERIMG RASNAME="C:\Users\Mahdi\Desktop\spi_bootloader\hw\microblaze\SDK\SDK_Export\hw\imgs\microblaze_blkd.jpg" SVGNAME="C:\Users\Mahdi\Desktop\spi_bootloader\hw\microblaze\SDK\SDK_Export\hw\imgs\microblaze_blkd.svg" TMPSVGFN="C:\Users\Mahdi\Desktop\spi_bootloader\hw\microblaze\__xps\.dswkshop\microblaze_blkd.svg"/>

</RENDERBATCH>